split,path,label
train,train\00_麻婆豆腐\00_000066.jpg,0
train,train\00_麻婆豆腐\00_000701.jpg,0
train,train\00_麻婆豆腐\00_000721.jpg,0
train,train\00_麻婆豆腐\00_000732.jpg,0
train,train\00_麻婆豆腐\00_000402.jpg,0
train,train\00_麻婆豆腐\00_000148.jpg,0
train,train\00_麻婆豆腐\00_000818.jpg,0
train,train\00_麻婆豆腐\00_000157.jpg,0
train,train\00_麻婆豆腐\00_000738.jpg,0
train,train\00_麻婆豆腐\00_000011.jpg,0
train,train\00_麻婆豆腐\00_000737.jpg,0
train,train\00_麻婆豆腐\00_000337.jpg,0
train,train\00_麻婆豆腐\00_000385.jpg,0
train,train\00_麻婆豆腐\00_000806.jpg,0
train,train\00_麻婆豆腐\00_000668.jpg,0
train,train\00_麻婆豆腐\00_000917.jpg,0
train,train\00_麻婆豆腐\00_000116.jpg,0
train,train\00_麻婆豆腐\00_000067.jpg,0
train,train\00_麻婆豆腐\00_000763.jpg,0
train,train\00_麻婆豆腐\00_000032.jpg,0
train,train\00_麻婆豆腐\00_000693.jpg,0
train,train\00_麻婆豆腐\00_000678.jpg,0
train,train\00_麻婆豆腐\00_000107.jpg,0
train,train\00_麻婆豆腐\00_000013.jpg,0
train,train\00_麻婆豆腐\00_000489.jpg,0
train,train\00_麻婆豆腐\00_000495.jpg,0
train,train\00_麻婆豆腐\00_000239.jpg,0
train,train\00_麻婆豆腐\00_000000.jpg,0
train,train\00_麻婆豆腐\00_000671.jpg,0
train,train\00_麻婆豆腐\00_000069.jpg,0
train,train\00_麻婆豆腐\00_000376.jpg,0
train,train\00_麻婆豆腐\00_000898.jpg,0
train,train\00_麻婆豆腐\00_000681.jpg,0
train,train\00_麻婆豆腐\00_000705.jpg,0
train,train\00_麻婆豆腐\00_000442.jpg,0
train,train\00_麻婆豆腐\00_000840.jpg,0
train,train\00_麻婆豆腐\00_000106.jpg,0
train,train\00_麻婆豆腐\00_000639.jpg,0
train,train\00_麻婆豆腐\00_000581.jpg,0
train,train\00_麻婆豆腐\00_000261.jpg,0
train,train\00_麻婆豆腐\00_000200.jpg,0
train,train\00_麻婆豆腐\00_000886.jpg,0
train,train\00_麻婆豆腐\00_000121.jpg,0
train,train\00_麻婆豆腐\00_000084.jpg,0
train,train\00_麻婆豆腐\00_000757.jpg,0
train,train\00_麻婆豆腐\00_000651.jpg,0
train,train\00_麻婆豆腐\00_000487.jpg,0
train,train\00_麻婆豆腐\00_000034.jpg,0
train,train\00_麻婆豆腐\00_000445.jpg,0
train,train\00_麻婆豆腐\00_000659.jpg,0
train,train\00_麻婆豆腐\00_000087.jpg,0
train,train\00_麻婆豆腐\00_000627.jpg,0
train,train\00_麻婆豆腐\00_000056.jpg,0
train,train\00_麻婆豆腐\00_000012.jpg,0
train,train\00_麻婆豆腐\00_000332.jpg,0
train,train\00_麻婆豆腐\00_000923.jpg,0
train,train\00_麻婆豆腐\00_000755.jpg,0
train,train\00_麻婆豆腐\00_000004.jpg,0
train,train\00_麻婆豆腐\00_000616.jpg,0
train,train\00_麻婆豆腐\00_000063.jpg,0
train,train\00_麻婆豆腐\00_000212.jpg,0
train,train\00_麻婆豆腐\00_000276.jpg,0
train,train\00_麻婆豆腐\00_000057.jpg,0
train,train\00_麻婆豆腐\00_000887.jpg,0
train,train\00_麻婆豆腐\00_000482.jpg,0
train,train\00_麻婆豆腐\00_000167.jpg,0
train,train\00_麻婆豆腐\00_000595.jpg,0
train,train\00_麻婆豆腐\00_000587.jpg,0
train,train\00_麻婆豆腐\00_000615.jpg,0
train,train\00_麻婆豆腐\00_000277.jpg,0
train,train\01_宫保鸡丁\01_000091.jpg,1
train,train\01_宫保鸡丁\01_000002.jpg,1
train,train\01_宫保鸡丁\01_000822.jpg,1
train,train\01_宫保鸡丁\01_000656.jpg,1
train,train\01_宫保鸡丁\01_000046.jpg,1
train,train\01_宫保鸡丁\01_000488.jpg,1
train,train\01_宫保鸡丁\01_000533.jpg,1
train,train\01_宫保鸡丁\01_000111.jpg,1
train,train\01_宫保鸡丁\01_000625.jpg,1
train,train\01_宫保鸡丁\01_000503.jpg,1
train,train\01_宫保鸡丁\01_000236.jpg,1
train,train\01_宫保鸡丁\01_000135.jpg,1
train,train\01_宫保鸡丁\01_000138.jpg,1
train,train\01_宫保鸡丁\01_000060.jpg,1
train,train\01_宫保鸡丁\01_000542.jpg,1
train,train\01_宫保鸡丁\01_000304.jpg,1
train,train\01_宫保鸡丁\01_000200.jpg,1
train,train\01_宫保鸡丁\01_000363.jpg,1
train,train\01_宫保鸡丁\01_000778.jpg,1
train,train\01_宫保鸡丁\01_000003.jpg,1
train,train\01_宫保鸡丁\01_000084.jpg,1
train,train\01_宫保鸡丁\01_000079.jpg,1
train,train\01_宫保鸡丁\01_000211.jpg,1
train,train\01_宫保鸡丁\01_000001.jpg,1
train,train\01_宫保鸡丁\01_000746.jpg,1
train,train\01_宫保鸡丁\01_000890.jpg,1
train,train\01_宫保鸡丁\01_000193.jpg,1
train,train\01_宫保鸡丁\01_000085.jpg,1
train,train\01_宫保鸡丁\01_000306.jpg,1
train,train\01_宫保鸡丁\01_000282.jpg,1
train,train\01_宫保鸡丁\01_000108.jpg,1
train,train\01_宫保鸡丁\01_000544.jpg,1
train,train\01_宫保鸡丁\01_000313.jpg,1
train,train\01_宫保鸡丁\01_000045.jpg,1
train,train\01_宫保鸡丁\01_000563.jpg,1
train,train\01_宫保鸡丁\01_000369.jpg,1
train,train\01_宫保鸡丁\01_000515.jpg,1
train,train\01_宫保鸡丁\01_000631.jpg,1
train,train\01_宫保鸡丁\01_000804.jpg,1
train,train\01_宫保鸡丁\01_000837.jpg,1
train,train\01_宫保鸡丁\01_000468.jpg,1
train,train\01_宫保鸡丁\01_000527.jpg,1
train,train\01_宫保鸡丁\01_000201.jpg,1
train,train\01_宫保鸡丁\01_000510.jpg,1
train,train\01_宫保鸡丁\01_000208.jpg,1
train,train\01_宫保鸡丁\01_000284.jpg,1
train,train\01_宫保鸡丁\01_000035.jpg,1
train,train\01_宫保鸡丁\01_000059.jpg,1
train,train\01_宫保鸡丁\01_000206.jpg,1
train,train\01_宫保鸡丁\01_000299.jpg,1
train,train\01_宫保鸡丁\01_000521.jpg,1
train,train\01_宫保鸡丁\01_000817.jpg,1
train,train\01_宫保鸡丁\01_000312.jpg,1
train,train\01_宫保鸡丁\01_000580.jpg,1
train,train\01_宫保鸡丁\01_000386.jpg,1
train,train\01_宫保鸡丁\01_000004.jpg,1
train,train\01_宫保鸡丁\01_000055.jpg,1
train,train\01_宫保鸡丁\01_000183.jpg,1
train,train\01_宫保鸡丁\01_000467.jpg,1
train,train\01_宫保鸡丁\01_000568.jpg,1
train,train\01_宫保鸡丁\01_000125.jpg,1
train,train\01_宫保鸡丁\01_000025.jpg,1
train,train\01_宫保鸡丁\01_000547.jpg,1
train,train\01_宫保鸡丁\01_000757.jpg,1
train,train\01_宫保鸡丁\01_000099.jpg,1
train,train\01_宫保鸡丁\01_000215.jpg,1
train,train\01_宫保鸡丁\01_000047.jpg,1
train,train\01_宫保鸡丁\01_000590.jpg,1
train,train\01_宫保鸡丁\01_000374.jpg,1
train,train\01_宫保鸡丁\01_000507.jpg,1
train,train\02_回锅肉\02_000039.jpg,2
train,train\02_回锅肉\02_000014.jpg,2
train,train\02_回锅肉\02_000615.jpg,2
train,train\02_回锅肉\02_000031.jpg,2
train,train\02_回锅肉\02_000174.jpg,2
train,train\02_回锅肉\02_000241.jpg,2
train,train\02_回锅肉\02_000363.jpg,2
train,train\02_回锅肉\02_000206.jpg,2
train,train\02_回锅肉\02_000685.jpg,2
train,train\02_回锅肉\02_000753.jpg,2
train,train\02_回锅肉\02_000023.jpg,2
train,train\02_回锅肉\02_000040.jpg,2
train,train\02_回锅肉\02_000380.jpg,2
train,train\02_回锅肉\02_000485.jpg,2
train,train\02_回锅肉\02_000637.jpg,2
train,train\02_回锅肉\02_000917.jpg,2
train,train\02_回锅肉\02_000044.jpg,2
train,train\02_回锅肉\02_000225.jpg,2
train,train\02_回锅肉\02_000454.jpg,2
train,train\02_回锅肉\02_000284.jpg,2
train,train\02_回锅肉\02_000007.jpg,2
train,train\02_回锅肉\02_000133.jpg,2
train,train\02_回锅肉\02_000817.jpg,2
train,train\02_回锅肉\02_000409.jpg,2
train,train\02_回锅肉\02_000921.jpg,2
train,train\02_回锅肉\02_000674.jpg,2
train,train\02_回锅肉\02_000802.jpg,2
train,train\02_回锅肉\02_000051.jpg,2
train,train\02_回锅肉\02_000164.jpg,2
train,train\02_回锅肉\02_000643.jpg,2
train,train\02_回锅肉\02_000453.jpg,2
train,train\02_回锅肉\02_000079.jpg,2
train,train\02_回锅肉\02_000025.jpg,2
train,train\02_回锅肉\02_000647.jpg,2
train,train\02_回锅肉\02_000375.jpg,2
train,train\02_回锅肉\02_000269.jpg,2
train,train\02_回锅肉\02_000489.jpg,2
train,train\02_回锅肉\02_000272.jpg,2
train,train\02_回锅肉\02_000692.jpg,2
train,train\02_回锅肉\02_000041.jpg,2
train,train\02_回锅肉\02_000595.jpg,2
train,train\02_回锅肉\02_000861.jpg,2
train,train\02_回锅肉\02_000428.jpg,2
train,train\02_回锅肉\02_000800.jpg,2
train,train\02_回锅肉\02_000435.jpg,2
train,train\02_回锅肉\02_000215.jpg,2
train,train\02_回锅肉\02_000458.jpg,2
train,train\02_回锅肉\02_000520.jpg,2
train,train\02_回锅肉\02_000812.jpg,2
train,train\02_回锅肉\02_000810.jpg,2
train,train\02_回锅肉\02_000060.jpg,2
train,train\02_回锅肉\02_000478.jpg,2
train,train\02_回锅肉\02_000456.jpg,2
train,train\02_回锅肉\02_000532.jpg,2
train,train\02_回锅肉\02_000770.jpg,2
train,train\02_回锅肉\02_000037.jpg,2
train,train\02_回锅肉\02_000111.jpg,2
train,train\02_回锅肉\02_000350.jpg,2
train,train\02_回锅肉\02_000793.jpg,2
train,train\02_回锅肉\02_000262.jpg,2
train,train\02_回锅肉\02_000116.jpg,2
train,train\02_回锅肉\02_000001.jpg,2
train,train\02_回锅肉\02_000857.jpg,2
train,train\02_回锅肉\02_000066.jpg,2
train,train\02_回锅肉\02_000117.jpg,2
train,train\02_回锅肉\02_000587.jpg,2
train,train\02_回锅肉\02_000110.jpg,2
train,train\02_回锅肉\02_000651.jpg,2
train,train\02_回锅肉\02_000704.jpg,2
train,train\02_回锅肉\02_000343.jpg,2
train,train\03_鱼香肉丝\03_000049.jpg,3
train,train\03_鱼香肉丝\03_000731.jpg,3
train,train\03_鱼香肉丝\03_000044.jpg,3
train,train\03_鱼香肉丝\03_000618.jpg,3
train,train\03_鱼香肉丝\03_000347.jpg,3
train,train\03_鱼香肉丝\03_000609.jpg,3
train,train\03_鱼香肉丝\03_000289.jpg,3
train,train\03_鱼香肉丝\03_000453.jpg,3
train,train\03_鱼香肉丝\03_000052.jpg,3
train,train\03_鱼香肉丝\03_000221.jpg,3
train,train\03_鱼香肉丝\03_000185.jpg,3
train,train\03_鱼香肉丝\03_000005.jpg,3
train,train\03_鱼香肉丝\03_000158.jpg,3
train,train\03_鱼香肉丝\03_000873.jpg,3
train,train\03_鱼香肉丝\03_000501.jpg,3
train,train\03_鱼香肉丝\03_000840.jpg,3
train,train\03_鱼香肉丝\03_000218.jpg,3
train,train\03_鱼香肉丝\03_000527.jpg,3
train,train\03_鱼香肉丝\03_000126.jpg,3
train,train\03_鱼香肉丝\03_000531.jpg,3
train,train\03_鱼香肉丝\03_000283.jpg,3
train,train\03_鱼香肉丝\03_000864.jpg,3
train,train\03_鱼香肉丝\03_000451.jpg,3
train,train\03_鱼香肉丝\03_000142.jpg,3
train,train\03_鱼香肉丝\03_000627.jpg,3
train,train\03_鱼香肉丝\03_000336.jpg,3
train,train\03_鱼香肉丝\03_000371.jpg,3
train,train\03_鱼香肉丝\03_000507.jpg,3
train,train\03_鱼香肉丝\03_000201.jpg,3
train,train\03_鱼香肉丝\03_000162.jpg,3
train,train\03_鱼香肉丝\03_000065.jpg,3
train,train\03_鱼香肉丝\03_000431.jpg,3
train,train\03_鱼香肉丝\03_000011.jpg,3
train,train\03_鱼香肉丝\03_000657.jpg,3
train,train\03_鱼香肉丝\03_000466.jpg,3
train,train\03_鱼香肉丝\03_000008.jpg,3
train,train\03_鱼香肉丝\03_000511.jpg,3
train,train\03_鱼香肉丝\03_000920.jpg,3
train,train\03_鱼香肉丝\03_000528.jpg,3
train,train\03_鱼香肉丝\03_000199.jpg,3
train,train\03_鱼香肉丝\03_000924.jpg,3
train,train\03_鱼香肉丝\03_000351.jpg,3
train,train\03_鱼香肉丝\03_000923.jpg,3
train,train\03_鱼香肉丝\03_000127.jpg,3
train,train\03_鱼香肉丝\03_000862.jpg,3
train,train\03_鱼香肉丝\03_000637.jpg,3
train,train\03_鱼香肉丝\03_000294.jpg,3
train,train\03_鱼香肉丝\03_000257.jpg,3
train,train\03_鱼香肉丝\03_000340.jpg,3
train,train\03_鱼香肉丝\03_000370.jpg,3
train,train\03_鱼香肉丝\03_000517.jpg,3
train,train\03_鱼香肉丝\03_000007.jpg,3
train,train\03_鱼香肉丝\03_000260.jpg,3
train,train\03_鱼香肉丝\03_000588.jpg,3
train,train\03_鱼香肉丝\03_000468.jpg,3
train,train\03_鱼香肉丝\03_000520.jpg,3
train,train\03_鱼香肉丝\03_000290.jpg,3
train,train\03_鱼香肉丝\03_000100.jpg,3
train,train\03_鱼香肉丝\03_000418.jpg,3
train,train\03_鱼香肉丝\03_000698.jpg,3
train,train\03_鱼香肉丝\03_000495.jpg,3
train,train\03_鱼香肉丝\03_000354.jpg,3
train,train\03_鱼香肉丝\03_000274.jpg,3
train,train\03_鱼香肉丝\03_000047.jpg,3
train,train\03_鱼香肉丝\03_000120.jpg,3
train,train\03_鱼香肉丝\03_000280.jpg,3
train,train\03_鱼香肉丝\03_000742.jpg,3
train,train\03_鱼香肉丝\03_000056.jpg,3
train,train\03_鱼香肉丝\03_000646.jpg,3
train,train\03_鱼香肉丝\03_000375.jpg,3
train,train\04_水煮鱼\04_000053.jpg,4
train,train\04_水煮鱼\04_000632.jpg,4
train,train\04_水煮鱼\04_000348.jpg,4
train,train\04_水煮鱼\04_000676.jpg,4
train,train\04_水煮鱼\04_000290.jpg,4
train,train\04_水煮鱼\04_000235.jpg,4
train,train\04_水煮鱼\04_000545.jpg,4
train,train\04_水煮鱼\04_000012.jpg,4
train,train\04_水煮鱼\04_000127.jpg,4
train,train\04_水煮鱼\04_000389.jpg,4
train,train\04_水煮鱼\04_000512.jpg,4
train,train\04_水煮鱼\04_000416.jpg,4
train,train\04_水煮鱼\04_000363.jpg,4
train,train\04_水煮鱼\04_000577.jpg,4
train,train\04_水煮鱼\04_000316.jpg,4
train,train\04_水煮鱼\04_000442.jpg,4
train,train\04_水煮鱼\04_000190.jpg,4
train,train\04_水煮鱼\04_000392.jpg,4
train,train\04_水煮鱼\04_000284.jpg,4
train,train\04_水煮鱼\04_000047.jpg,4
train,train\04_水煮鱼\04_000608.jpg,4
train,train\04_水煮鱼\04_000829.jpg,4
train,train\04_水煮鱼\04_000711.jpg,4
train,train\04_水煮鱼\04_000655.jpg,4
train,train\04_水煮鱼\04_000511.jpg,4
train,train\04_水煮鱼\04_000304.jpg,4
train,train\04_水煮鱼\04_000333.jpg,4
train,train\04_水煮鱼\04_000259.jpg,4
train,train\04_水煮鱼\04_000489.jpg,4
train,train\04_水煮鱼\04_000505.jpg,4
train,train\04_水煮鱼\04_000206.jpg,4
train,train\04_水煮鱼\04_000714.jpg,4
train,train\04_水煮鱼\04_000041.jpg,4
train,train\04_水煮鱼\04_000450.jpg,4
train,train\04_水煮鱼\04_000268.jpg,4
train,train\04_水煮鱼\04_000174.jpg,4
train,train\04_水煮鱼\04_000072.jpg,4
train,train\04_水煮鱼\04_000087.jpg,4
train,train\04_水煮鱼\04_000564.jpg,4
train,train\04_水煮鱼\04_000631.jpg,4
train,train\04_水煮鱼\04_000551.jpg,4
train,train\04_水煮鱼\04_000429.jpg,4
train,train\04_水煮鱼\04_000539.jpg,4
train,train\04_水煮鱼\04_000154.jpg,4
train,train\04_水煮鱼\04_000589.jpg,4
train,train\04_水煮鱼\04_000478.jpg,4
train,train\04_水煮鱼\04_000050.jpg,4
train,train\04_水煮鱼\04_000378.jpg,4
train,train\04_水煮鱼\04_000567.jpg,4
train,train\04_水煮鱼\04_000624.jpg,4
train,train\04_水煮鱼\04_000081.jpg,4
train,train\04_水煮鱼\04_000668.jpg,4
train,train\04_水煮鱼\04_000315.jpg,4
train,train\04_水煮鱼\04_000023.jpg,4
train,train\04_水煮鱼\04_000277.jpg,4
train,train\04_水煮鱼\04_000162.jpg,4
train,train\04_水煮鱼\04_000112.jpg,4
train,train\04_水煮鱼\04_000213.jpg,4
train,train\04_水煮鱼\04_000170.jpg,4
train,train\04_水煮鱼\04_000532.jpg,4
train,train\04_水煮鱼\04_000138.jpg,4
train,train\04_水煮鱼\04_000654.jpg,4
train,train\04_水煮鱼\04_000016.jpg,4
train,train\04_水煮鱼\04_000572.jpg,4
train,train\04_水煮鱼\04_000638.jpg,4
train,train\04_水煮鱼\04_000409.jpg,4
train,train\04_水煮鱼\04_000816.jpg,4
train,train\04_水煮鱼\04_000490.jpg,4
train,train\04_水煮鱼\04_000151.jpg,4
train,train\04_水煮鱼\04_000813.jpg,4
train,train\05_鱼香茄子\05_000435.jpg,5
train,train\05_鱼香茄子\05_000199.jpg,5
train,train\05_鱼香茄子\05_000611.jpg,5
train,train\05_鱼香茄子\05_000010.jpg,5
train,train\05_鱼香茄子\05_000107.jpg,5
train,train\05_鱼香茄子\05_000068.jpg,5
train,train\05_鱼香茄子\05_000117.jpg,5
train,train\05_鱼香茄子\05_000029.jpg,5
train,train\05_鱼香茄子\05_000934.jpg,5
train,train\05_鱼香茄子\05_000371.jpg,5
train,train\05_鱼香茄子\05_000367.jpg,5
train,train\05_鱼香茄子\05_000287.jpg,5
train,train\05_鱼香茄子\05_000036.jpg,5
train,train\05_鱼香茄子\05_000080.jpg,5
train,train\05_鱼香茄子\05_000661.jpg,5
train,train\05_鱼香茄子\05_000891.jpg,5
train,train\05_鱼香茄子\05_000102.jpg,5
train,train\05_鱼香茄子\05_000383.jpg,5
train,train\05_鱼香茄子\05_000112.jpg,5
train,train\05_鱼香茄子\05_000528.jpg,5
train,train\05_鱼香茄子\05_000006.jpg,5
train,train\05_鱼香茄子\05_000874.jpg,5
train,train\05_鱼香茄子\05_000445.jpg,5
train,train\05_鱼香茄子\05_000841.jpg,5
train,train\05_鱼香茄子\05_000454.jpg,5
train,train\05_鱼香茄子\05_000670.jpg,5
train,train\05_鱼香茄子\05_000432.jpg,5
train,train\05_鱼香茄子\05_000010.jpg,5
train,train\05_鱼香茄子\05_000100.jpg,5
train,train\05_鱼香茄子\05_000888.jpg,5
train,train\05_鱼香茄子\05_000914.jpg,5
train,train\05_鱼香茄子\05_000088.jpg,5
train,train\05_鱼香茄子\05_000192.jpg,5
train,train\05_鱼香茄子\05_000559.jpg,5
train,train\05_鱼香茄子\05_000625.jpg,5
train,train\05_鱼香茄子\05_000075.jpg,5
train,train\05_鱼香茄子\05_000399.jpg,5
train,train\05_鱼香茄子\05_000028.jpg,5
train,train\05_鱼香茄子\05_000885.jpg,5
train,train\05_鱼香茄子\05_000420.jpg,5
train,train\05_鱼香茄子\05_000056.jpg,5
train,train\05_鱼香茄子\05_000176.jpg,5
train,train\05_鱼香茄子\05_000005.jpg,5
train,train\05_鱼香茄子\05_000283.jpg,5
train,train\05_鱼香茄子\05_000048.jpg,5
train,train\05_鱼香茄子\05_000759.jpg,5
train,train\05_鱼香茄子\05_000477.jpg,5
train,train\05_鱼香茄子\05_000858.jpg,5
train,train\05_鱼香茄子\05_000447.jpg,5
train,train\05_鱼香茄子\05_000188.jpg,5
train,train\05_鱼香茄子\05_000619.jpg,5
train,train\05_鱼香茄子\05_000450.jpg,5
train,train\05_鱼香茄子\05_000392.jpg,5
train,train\05_鱼香茄子\05_000048.jpg,5
train,train\05_鱼香茄子\05_000018.jpg,5
train,train\05_鱼香茄子\05_000757.jpg,5
train,train\05_鱼香茄子\05_000826.jpg,5
train,train\05_鱼香茄子\05_000095.jpg,5
train,train\05_鱼香茄子\05_000056.jpg,5
train,train\05_鱼香茄子\05_000457.jpg,5
train,train\05_鱼香茄子\05_000862.jpg,5
train,train\05_鱼香茄子\05_000925.jpg,5
train,train\05_鱼香茄子\05_000111.jpg,5
train,train\05_鱼香茄子\05_000060.jpg,5
train,train\05_鱼香茄子\05_000128.jpg,5
train,train\05_鱼香茄子\05_000525.jpg,5
train,train\05_鱼香茄子\05_000933.jpg,5
train,train\05_鱼香茄子\05_000072.jpg,5
train,train\05_鱼香茄子\05_000025.jpg,5
train,train\05_鱼香茄子\05_000052.jpg,5
train,train\06_酸辣土豆丝\06_000372.jpg,6
train,train\06_酸辣土豆丝\06_000473.jpg,6
train,train\06_酸辣土豆丝\06_000822.jpg,6
train,train\06_酸辣土豆丝\06_000838.jpg,6
train,train\06_酸辣土豆丝\06_000534.jpg,6
train,train\06_酸辣土豆丝\06_000438.jpg,6
train,train\06_酸辣土豆丝\06_000686.jpg,6
train,train\06_酸辣土豆丝\06_000862.jpg,6
train,train\06_酸辣土豆丝\06_000754.jpg,6
train,train\06_酸辣土豆丝\06_000013.jpg,6
train,train\06_酸辣土豆丝\06_000386.jpg,6
train,train\06_酸辣土豆丝\06_000021.jpg,6
train,train\06_酸辣土豆丝\06_000297.jpg,6
train,train\06_酸辣土豆丝\06_000794.jpg,6
train,train\06_酸辣土豆丝\06_000015.jpg,6
train,train\06_酸辣土豆丝\06_000131.jpg,6
train,train\06_酸辣土豆丝\06_000443.jpg,6
train,train\06_酸辣土豆丝\06_000632.jpg,6
train,train\06_酸辣土豆丝\06_000009.jpg,6
train,train\06_酸辣土豆丝\06_000595.jpg,6
train,train\06_酸辣土豆丝\06_000516.jpg,6
train,train\06_酸辣土豆丝\06_000380.jpg,6
train,train\06_酸辣土豆丝\06_000262.jpg,6
train,train\06_酸辣土豆丝\06_000462.jpg,6
train,train\06_酸辣土豆丝\06_000162.jpg,6
train,train\06_酸辣土豆丝\06_000491.jpg,6
train,train\06_酸辣土豆丝\06_000169.jpg,6
train,train\06_酸辣土豆丝\06_000512.jpg,6
train,train\06_酸辣土豆丝\06_000919.jpg,6
train,train\06_酸辣土豆丝\06_000861.jpg,6
train,train\06_酸辣土豆丝\06_000866.jpg,6
train,train\06_酸辣土豆丝\06_000093.jpg,6
train,train\06_酸辣土豆丝\06_000732.jpg,6
train,train\06_酸辣土豆丝\06_000692.jpg,6
train,train\06_酸辣土豆丝\06_000935.jpg,6
train,train\06_酸辣土豆丝\06_000193.jpg,6
train,train\06_酸辣土豆丝\06_000715.jpg,6
train,train\06_酸辣土豆丝\06_000119.jpg,6
train,train\06_酸辣土豆丝\06_000640.jpg,6
train,train\06_酸辣土豆丝\06_000132.jpg,6
train,train\06_酸辣土豆丝\06_000387.jpg,6
train,train\06_酸辣土豆丝\06_000406.jpg,6
train,train\06_酸辣土豆丝\06_000255.jpg,6
train,train\06_酸辣土豆丝\06_000101.jpg,6
train,train\06_酸辣土豆丝\06_000327.jpg,6
train,train\06_酸辣土豆丝\06_000826.jpg,6
train,train\06_酸辣土豆丝\06_000417.jpg,6
train,train\06_酸辣土豆丝\06_000226.jpg,6
train,train\06_酸辣土豆丝\06_000228.jpg,6
train,train\06_酸辣土豆丝\06_000202.jpg,6
train,train\06_酸辣土豆丝\06_000704.jpg,6
train,train\06_酸辣土豆丝\06_000571.jpg,6
train,train\06_酸辣土豆丝\06_000390.jpg,6
train,train\06_酸辣土豆丝\06_000056.jpg,6
train,train\06_酸辣土豆丝\06_000274.jpg,6
train,train\06_酸辣土豆丝\06_000304.jpg,6
train,train\06_酸辣土豆丝\06_000641.jpg,6
train,train\06_酸辣土豆丝\06_000001.jpg,6
train,train\06_酸辣土豆丝\06_000419.jpg,6
train,train\06_酸辣土豆丝\06_000843.jpg,6
train,train\06_酸辣土豆丝\06_000492.jpg,6
train,train\06_酸辣土豆丝\06_000024.jpg,6
train,train\06_酸辣土豆丝\06_000069.jpg,6
train,train\06_酸辣土豆丝\06_000130.jpg,6
train,train\06_酸辣土豆丝\06_000477.jpg,6
train,train\06_酸辣土豆丝\06_000533.jpg,6
train,train\06_酸辣土豆丝\06_000823.jpg,6
train,train\06_酸辣土豆丝\06_000102.jpg,6
train,train\06_酸辣土豆丝\06_000626.jpg,6
train,train\06_酸辣土豆丝\06_000551.jpg,6
train,train\07_西红柿炒蛋\07_000000.jpg,7
train,train\07_西红柿炒蛋\07_000207.jpg,7
train,train\07_西红柿炒蛋\07_000841.jpg,7
train,train\07_西红柿炒蛋\07_000369.jpg,7
train,train\07_西红柿炒蛋\07_000089.jpg,7
train,train\07_西红柿炒蛋\07_000017.jpg,7
train,train\07_西红柿炒蛋\07_000408.jpg,7
train,train\07_西红柿炒蛋\07_000507.jpg,7
train,train\07_西红柿炒蛋\07_000010.jpg,7
train,train\07_西红柿炒蛋\07_000911.jpg,7
train,train\07_西红柿炒蛋\07_000128.jpg,7
train,train\07_西红柿炒蛋\07_000626.jpg,7
train,train\07_西红柿炒蛋\07_000725.jpg,7
train,train\07_西红柿炒蛋\07_000025.jpg,7
train,train\07_西红柿炒蛋\07_000111.jpg,7
train,train\07_西红柿炒蛋\07_000296.jpg,7
train,train\07_西红柿炒蛋\07_000652.jpg,7
train,train\07_西红柿炒蛋\07_000002.jpg,7
train,train\07_西红柿炒蛋\07_000015.jpg,7
train,train\07_西红柿炒蛋\07_000265.jpg,7
train,train\07_西红柿炒蛋\07_000557.jpg,7
train,train\07_西红柿炒蛋\07_000801.jpg,7
train,train\07_西红柿炒蛋\07_000015.jpg,7
train,train\07_西红柿炒蛋\07_000899.jpg,7
train,train\07_西红柿炒蛋\07_000052.jpg,7
train,train\07_西红柿炒蛋\07_000447.jpg,7
train,train\07_西红柿炒蛋\07_000757.jpg,7
train,train\07_西红柿炒蛋\07_000031.jpg,7
train,train\07_西红柿炒蛋\07_000247.jpg,7
train,train\07_西红柿炒蛋\07_000474.jpg,7
train,train\07_西红柿炒蛋\07_000023.jpg,7
train,train\07_西红柿炒蛋\07_000276.jpg,7
train,train\07_西红柿炒蛋\07_000887.jpg,7
train,train\07_西红柿炒蛋\07_000767.jpg,7
train,train\07_西红柿炒蛋\07_000132.jpg,7
train,train\07_西红柿炒蛋\07_000884.jpg,7
train,train\07_西红柿炒蛋\07_000374.jpg,7
train,train\07_西红柿炒蛋\07_000749.jpg,7
train,train\07_西红柿炒蛋\07_000123.jpg,7
train,train\07_西红柿炒蛋\07_000107.jpg,7
train,train\07_西红柿炒蛋\07_000085.jpg,7
train,train\07_西红柿炒蛋\07_000524.jpg,7
train,train\07_西红柿炒蛋\07_000435.jpg,7
train,train\07_西红柿炒蛋\07_000526.jpg,7
train,train\07_西红柿炒蛋\07_000907.jpg,7
train,train\07_西红柿炒蛋\07_000041.jpg,7
train,train\07_西红柿炒蛋\07_000866.jpg,7
train,train\07_西红柿炒蛋\07_000394.jpg,7
train,train\07_西红柿炒蛋\07_000303.jpg,7
train,train\07_西红柿炒蛋\07_000492.jpg,7
train,train\07_西红柿炒蛋\07_000016.jpg,7
train,train\07_西红柿炒蛋\07_000090.jpg,7
train,train\07_西红柿炒蛋\07_000006.jpg,7
train,train\07_西红柿炒蛋\07_000384.jpg,7
train,train\07_西红柿炒蛋\07_000666.jpg,7
train,train\07_西红柿炒蛋\07_000081.jpg,7
train,train\07_西红柿炒蛋\07_000678.jpg,7
train,train\07_西红柿炒蛋\07_000227.jpg,7
train,train\07_西红柿炒蛋\07_000813.jpg,7
train,train\07_西红柿炒蛋\07_000187.jpg,7
train,train\07_西红柿炒蛋\07_000684.jpg,7
train,train\07_西红柿炒蛋\07_000254.jpg,7
train,train\07_西红柿炒蛋\07_000358.jpg,7
train,train\07_西红柿炒蛋\07_000044.jpg,7
train,train\07_西红柿炒蛋\07_000323.jpg,7
train,train\07_西红柿炒蛋\07_000060.jpg,7
train,train\07_西红柿炒蛋\07_000401.jpg,7
train,train\07_西红柿炒蛋\07_000815.jpg,7
train,train\07_西红柿炒蛋\07_000341.jpg,7
train,train\07_西红柿炒蛋\07_000048.jpg,7
train,train\08_地三鲜\08_000527.jpg,8
train,train\08_地三鲜\08_000372.jpg,8
train,train\08_地三鲜\08_000273.jpg,8
train,train\08_地三鲜\08_000894.jpg,8
train,train\08_地三鲜\08_000759.jpg,8
train,train\08_地三鲜\08_000524.jpg,8
train,train\08_地三鲜\08_000055.jpg,8
train,train\08_地三鲜\08_000223.jpg,8
train,train\08_地三鲜\08_000509.jpg,8
train,train\08_地三鲜\08_000011.jpg,8
train,train\08_地三鲜\08_000547.jpg,8
train,train\08_地三鲜\08_000575.jpg,8
train,train\08_地三鲜\08_000767.jpg,8
train,train\08_地三鲜\08_000482.jpg,8
train,train\08_地三鲜\08_000672.jpg,8
train,train\08_地三鲜\08_000799.jpg,8
train,train\08_地三鲜\08_000537.jpg,8
train,train\08_地三鲜\08_000065.jpg,8
train,train\08_地三鲜\08_000760.jpg,8
train,train\08_地三鲜\08_000589.jpg,8
train,train\08_地三鲜\08_000105.jpg,8
train,train\08_地三鲜\08_000601.jpg,8
train,train\08_地三鲜\08_000362.jpg,8
train,train\08_地三鲜\08_000498.jpg,8
train,train\08_地三鲜\08_000352.jpg,8
train,train\08_地三鲜\08_000761.jpg,8
train,train\08_地三鲜\08_000510.jpg,8
train,train\08_地三鲜\08_000304.jpg,8
train,train\08_地三鲜\08_000234.jpg,8
train,train\08_地三鲜\08_000594.jpg,8
train,train\08_地三鲜\08_000081.jpg,8
train,train\08_地三鲜\08_000472.jpg,8
train,train\08_地三鲜\08_000681.jpg,8
train,train\08_地三鲜\08_000213.jpg,8
train,train\08_地三鲜\08_000869.jpg,8
train,train\08_地三鲜\08_000814.jpg,8
train,train\08_地三鲜\08_000277.jpg,8
train,train\08_地三鲜\08_000733.jpg,8
train,train\08_地三鲜\08_000559.jpg,8
train,train\08_地三鲜\08_000369.jpg,8
train,train\08_地三鲜\08_000018.jpg,8
train,train\08_地三鲜\08_000796.jpg,8
train,train\08_地三鲜\08_000728.jpg,8
train,train\08_地三鲜\08_000434.jpg,8
train,train\08_地三鲜\08_000847.jpg,8
train,train\08_地三鲜\08_000703.jpg,8
train,train\08_地三鲜\08_000160.jpg,8
train,train\08_地三鲜\08_000429.jpg,8
train,train\08_地三鲜\08_000124.jpg,8
train,train\08_地三鲜\08_000570.jpg,8
train,train\08_地三鲜\08_000655.jpg,8
train,train\08_地三鲜\08_000714.jpg,8
train,train\08_地三鲜\08_000443.jpg,8
train,train\08_地三鲜\08_000375.jpg,8
train,train\08_地三鲜\08_000030.jpg,8
train,train\08_地三鲜\08_000857.jpg,8
train,train\08_地三鲜\08_000358.jpg,8
train,train\08_地三鲜\08_000293.jpg,8
train,train\08_地三鲜\08_000138.jpg,8
train,train\08_地三鲜\08_000061.jpg,8
train,train\08_地三鲜\08_000868.jpg,8
train,train\08_地三鲜\08_000041.jpg,8
train,train\08_地三鲜\08_000410.jpg,8
train,train\08_地三鲜\08_000058.jpg,8
train,train\08_地三鲜\08_000291.jpg,8
train,train\08_地三鲜\08_000618.jpg,8
train,train\08_地三鲜\08_000474.jpg,8
train,train\08_地三鲜\08_000110.jpg,8
train,train\08_地三鲜\08_000421.jpg,8
train,train\08_地三鲜\08_000340.jpg,8
train,train\09_蚝油生菜\09_000236.jpg,9
train,train\09_蚝油生菜\09_000098.jpg,9
train,train\09_蚝油生菜\09_000015.jpg,9
train,train\09_蚝油生菜\09_000853.jpg,9
train,train\09_蚝油生菜\09_000213.jpg,9
train,train\09_蚝油生菜\09_000060.jpg,9
train,train\09_蚝油生菜\09_000844.jpg,9
train,train\09_蚝油生菜\09_000845.jpg,9
train,train\09_蚝油生菜\09_000154.jpg,9
train,train\09_蚝油生菜\09_000335.jpg,9
train,train\09_蚝油生菜\09_000429.jpg,9
train,train\09_蚝油生菜\09_000372.jpg,9
train,train\09_蚝油生菜\09_000546.jpg,9
train,train\09_蚝油生菜\09_000128.jpg,9
train,train\09_蚝油生菜\09_000490.jpg,9
train,train\09_蚝油生菜\09_000526.jpg,9
train,train\09_蚝油生菜\09_000024.jpg,9
train,train\09_蚝油生菜\09_000671.jpg,9
train,train\09_蚝油生菜\09_000885.jpg,9
train,train\09_蚝油生菜\09_000721.jpg,9
train,train\09_蚝油生菜\09_000410.jpg,9
train,train\09_蚝油生菜\09_000824.jpg,9
train,train\09_蚝油生菜\09_000588.jpg,9
train,train\09_蚝油生菜\09_000683.jpg,9
train,train\09_蚝油生菜\09_000893.jpg,9
train,train\09_蚝油生菜\09_000912.jpg,9
train,train\09_蚝油生菜\09_000096.jpg,9
train,train\09_蚝油生菜\09_000780.jpg,9
train,train\09_蚝油生菜\09_000277.jpg,9
train,train\09_蚝油生菜\09_000041.jpg,9
train,train\09_蚝油生菜\09_000695.jpg,9
train,train\09_蚝油生菜\09_000667.jpg,9
train,train\09_蚝油生菜\09_000822.jpg,9
train,train\09_蚝油生菜\09_000042.jpg,9
train,train\09_蚝油生菜\09_000367.jpg,9
train,train\09_蚝油生菜\09_000255.jpg,9
train,train\09_蚝油生菜\09_000826.jpg,9
train,train\09_蚝油生菜\09_000276.jpg,9
train,train\09_蚝油生菜\09_000109.jpg,9
train,train\09_蚝油生菜\09_000422.jpg,9
train,train\09_蚝油生菜\09_000638.jpg,9
train,train\09_蚝油生菜\09_000565.jpg,9
train,train\09_蚝油生菜\09_000914.jpg,9
train,train\09_蚝油生菜\09_000449.jpg,9
train,train\09_蚝油生菜\09_000635.jpg,9
train,train\09_蚝油生菜\09_000231.jpg,9
train,train\09_蚝油生菜\09_000787.jpg,9
train,train\09_蚝油生菜\09_000756.jpg,9
train,train\09_蚝油生菜\09_000374.jpg,9
train,train\09_蚝油生菜\09_000080.jpg,9
train,train\09_蚝油生菜\09_000317.jpg,9
train,train\09_蚝油生菜\09_000006.jpg,9
train,train\09_蚝油生菜\09_000381.jpg,9
train,train\09_蚝油生菜\09_000472.jpg,9
train,train\09_蚝油生菜\09_000696.jpg,9
train,train\09_蚝油生菜\09_000528.jpg,9
train,train\09_蚝油生菜\09_000314.jpg,9
train,train\09_蚝油生菜\09_000655.jpg,9
train,train\09_蚝油生菜\09_000654.jpg,9
train,train\09_蚝油生菜\09_000820.jpg,9
train,train\09_蚝油生菜\09_000436.jpg,9
train,train\09_蚝油生菜\09_000719.jpg,9
train,train\09_蚝油生菜\09_000025.jpg,9
train,train\09_蚝油生菜\09_000328.jpg,9
train,train\09_蚝油生菜\09_000915.jpg,9
train,train\09_蚝油生菜\09_000159.jpg,9
train,train\09_蚝油生菜\09_000932.jpg,9
train,train\09_蚝油生菜\09_000380.jpg,9
train,train\09_蚝油生菜\09_000037.jpg,9
train,train\09_蚝油生菜\09_000061.jpg,9
train,train\10_红烧肉\10_000105.jpg,10
train,train\10_红烧肉\10_000685.jpg,10
train,train\10_红烧肉\10_000048.jpg,10
train,train\10_红烧肉\10_000260.jpg,10
train,train\10_红烧肉\10_000190.jpg,10
train,train\10_红烧肉\10_000196.jpg,10
train,train\10_红烧肉\10_000300.jpg,10
train,train\10_红烧肉\10_000010.jpg,10
train,train\10_红烧肉\10_000910.jpg,10
train,train\10_红烧肉\10_000176.jpg,10
train,train\10_红烧肉\10_000117.jpg,10
train,train\10_红烧肉\10_000833.jpg,10
train,train\10_红烧肉\10_000522.jpg,10
train,train\10_红烧肉\10_000002.jpg,10
train,train\10_红烧肉\10_000558.jpg,10
train,train\10_红烧肉\10_000310.jpg,10
train,train\10_红烧肉\10_000037.jpg,10
train,train\10_红烧肉\10_000627.jpg,10
train,train\10_红烧肉\10_000620.jpg,10
train,train\10_红烧肉\10_000579.jpg,10
train,train\10_红烧肉\10_000455.jpg,10
train,train\10_红烧肉\10_000714.jpg,10
train,train\10_红烧肉\10_000584.jpg,10
train,train\10_红烧肉\10_000226.jpg,10
train,train\10_红烧肉\10_000876.jpg,10
train,train\10_红烧肉\10_000883.jpg,10
train,train\10_红烧肉\10_000022.jpg,10
train,train\10_红烧肉\10_000020.jpg,10
train,train\10_红烧肉\10_000846.jpg,10
train,train\10_红烧肉\10_000238.jpg,10
train,train\10_红烧肉\10_000748.jpg,10
train,train\10_红烧肉\10_000163.jpg,10
train,train\10_红烧肉\10_000724.jpg,10
train,train\10_红烧肉\10_000566.jpg,10
train,train\10_红烧肉\10_000004.jpg,10
train,train\10_红烧肉\10_000866.jpg,10
train,train\10_红烧肉\10_000011.jpg,10
train,train\10_红烧肉\10_000682.jpg,10
train,train\10_红烧肉\10_000075.jpg,10
train,train\10_红烧肉\10_000039.jpg,10
train,train\10_红烧肉\10_000034.jpg,10
train,train\10_红烧肉\10_000828.jpg,10
train,train\10_红烧肉\10_000911.jpg,10
train,train\10_红烧肉\10_000034.jpg,10
train,train\10_红烧肉\10_000087.jpg,10
train,train\10_红烧肉\10_000596.jpg,10
train,train\10_红烧肉\10_000000.jpg,10
train,train\10_红烧肉\10_000448.jpg,10
train,train\10_红烧肉\10_000701.jpg,10
train,train\10_红烧肉\10_000099.jpg,10
train,train\10_红烧肉\10_000822.jpg,10
train,train\10_红烧肉\10_000242.jpg,10
train,train\10_红烧肉\10_000187.jpg,10
train,train\10_红烧肉\10_000743.jpg,10
train,train\10_红烧肉\10_000475.jpg,10
train,train\10_红烧肉\10_000116.jpg,10
train,train\10_红烧肉\10_000016.jpg,10
train,train\10_红烧肉\10_000197.jpg,10
train,train\10_红烧肉\10_000811.jpg,10
train,train\10_红烧肉\10_000239.jpg,10
train,train\10_红烧肉\10_000351.jpg,10
train,train\10_红烧肉\10_000006.jpg,10
train,train\10_红烧肉\10_000252.jpg,10
train,train\10_红烧肉\10_000501.jpg,10
train,train\10_红烧肉\10_000881.jpg,10
train,train\10_红烧肉\10_000122.jpg,10
train,train\10_红烧肉\10_000704.jpg,10
train,train\10_红烧肉\10_000648.jpg,10
train,train\10_红烧肉\10_000129.jpg,10
train,train\10_红烧肉\10_000605.jpg,10
train,train\11_糖醋排骨\11_000461.jpg,11
train,train\11_糖醋排骨\11_000050.jpg,11
train,train\11_糖醋排骨\11_000688.jpg,11
train,train\11_糖醋排骨\11_000084.jpg,11
train,train\11_糖醋排骨\11_000199.jpg,11
train,train\11_糖醋排骨\11_000617.jpg,11
train,train\11_糖醋排骨\11_000262.jpg,11
train,train\11_糖醋排骨\11_000728.jpg,11
train,train\11_糖醋排骨\11_000527.jpg,11
train,train\11_糖醋排骨\11_000622.jpg,11
train,train\11_糖醋排骨\11_000078.jpg,11
train,train\11_糖醋排骨\11_000048.jpg,11
train,train\11_糖醋排骨\11_000367.jpg,11
train,train\11_糖醋排骨\11_000409.jpg,11
train,train\11_糖醋排骨\11_000754.jpg,11
train,train\11_糖醋排骨\11_000533.jpg,11
train,train\11_糖醋排骨\11_000553.jpg,11
train,train\11_糖醋排骨\11_000573.jpg,11
train,train\11_糖醋排骨\11_000287.jpg,11
train,train\11_糖醋排骨\11_000590.jpg,11
train,train\11_糖醋排骨\11_000815.jpg,11
train,train\11_糖醋排骨\11_000849.jpg,11
train,train\11_糖醋排骨\11_000561.jpg,11
train,train\11_糖醋排骨\11_000486.jpg,11
train,train\11_糖醋排骨\11_000192.jpg,11
train,train\11_糖醋排骨\11_000768.jpg,11
train,train\11_糖醋排骨\11_000033.jpg,11
train,train\11_糖醋排骨\11_000329.jpg,11
train,train\11_糖醋排骨\11_000743.jpg,11
train,train\11_糖醋排骨\11_000390.jpg,11
train,train\11_糖醋排骨\11_000827.jpg,11
train,train\11_糖醋排骨\11_000893.jpg,11
train,train\11_糖醋排骨\11_000526.jpg,11
train,train\11_糖醋排骨\11_000091.jpg,11
train,train\11_糖醋排骨\11_000251.jpg,11
train,train\11_糖醋排骨\11_000746.jpg,11
train,train\11_糖醋排骨\11_000520.jpg,11
train,train\11_糖醋排骨\11_000713.jpg,11
train,train\11_糖醋排骨\11_000568.jpg,11
train,train\11_糖醋排骨\11_000374.jpg,11
train,train\11_糖醋排骨\11_000394.jpg,11
train,train\11_糖醋排骨\11_000852.jpg,11
train,train\11_糖醋排骨\11_000425.jpg,11
train,train\11_糖醋排骨\11_000131.jpg,11
train,train\11_糖醋排骨\11_000221.jpg,11
train,train\11_糖醋排骨\11_000344.jpg,11
train,train\11_糖醋排骨\11_000152.jpg,11
train,train\11_糖醋排骨\11_000895.jpg,11
train,train\11_糖醋排骨\11_000080.jpg,11
train,train\11_糖醋排骨\11_000633.jpg,11
train,train\11_糖醋排骨\11_000238.jpg,11
train,train\11_糖醋排骨\11_000036.jpg,11
train,train\11_糖醋排骨\11_000079.jpg,11
train,train\11_糖醋排骨\11_000055.jpg,11
train,train\11_糖醋排骨\11_000466.jpg,11
train,train\11_糖醋排骨\11_000001.jpg,11
train,train\11_糖醋排骨\11_000810.jpg,11
train,train\11_糖醋排骨\11_000779.jpg,11
train,train\11_糖醋排骨\11_000867.jpg,11
train,train\11_糖醋排骨\11_000560.jpg,11
train,train\11_糖醋排骨\11_000407.jpg,11
train,train\11_糖醋排骨\11_000176.jpg,11
train,train\11_糖醋排骨\11_000667.jpg,11
train,train\11_糖醋排骨\11_000197.jpg,11
train,train\11_糖醋排骨\11_000270.jpg,11
train,train\11_糖醋排骨\11_000317.jpg,11
train,train\11_糖醋排骨\11_000404.jpg,11
train,train\11_糖醋排骨\11_000555.jpg,11
train,train\11_糖醋排骨\11_000513.jpg,11
train,train\11_糖醋排骨\11_000101.jpg,11
train,train\12_梅菜扣肉\12_000457.jpg,12
train,train\12_梅菜扣肉\12_000141.jpg,12
train,train\12_梅菜扣肉\12_000300.jpg,12
train,train\12_梅菜扣肉\12_000270.jpg,12
train,train\12_梅菜扣肉\12_000041.jpg,12
train,train\12_梅菜扣肉\12_000100.jpg,12
train,train\12_梅菜扣肉\12_000233.jpg,12
train,train\12_梅菜扣肉\12_000422.jpg,12
train,train\12_梅菜扣肉\12_000197.jpg,12
train,train\12_梅菜扣肉\12_000218.jpg,12
train,train\12_梅菜扣肉\12_000324.jpg,12
train,train\12_梅菜扣肉\12_000379.jpg,12
train,train\12_梅菜扣肉\12_000044.jpg,12
train,train\12_梅菜扣肉\12_000331.jpg,12
train,train\12_梅菜扣肉\12_000441.jpg,12
train,train\12_梅菜扣肉\12_000268.jpg,12
train,train\12_梅菜扣肉\12_000468.jpg,12
train,train\12_梅菜扣肉\12_000087.jpg,12
train,train\12_梅菜扣肉\12_000413.jpg,12
train,train\12_梅菜扣肉\12_000297.jpg,12
train,train\12_梅菜扣肉\12_000000.jpg,12
train,train\12_梅菜扣肉\12_000354.jpg,12
train,train\12_梅菜扣肉\12_000374.jpg,12
train,train\12_梅菜扣肉\12_000439.jpg,12
train,train\12_梅菜扣肉\12_000450.jpg,12
train,train\12_梅菜扣肉\12_000020.jpg,12
train,train\12_梅菜扣肉\12_000404.jpg,12
train,train\12_梅菜扣肉\12_000059.jpg,12
train,train\12_梅菜扣肉\12_000382.jpg,12
train,train\12_梅菜扣肉\12_000062.jpg,12
train,train\12_梅菜扣肉\12_000353.jpg,12
train,train\12_梅菜扣肉\12_000327.jpg,12
train,train\12_梅菜扣肉\12_000175.jpg,12
train,train\12_梅菜扣肉\12_000454.jpg,12
train,train\12_梅菜扣肉\12_000005.jpg,12
train,train\12_梅菜扣肉\12_000315.jpg,12
train,train\12_梅菜扣肉\12_000216.jpg,12
train,train\12_梅菜扣肉\12_000198.jpg,12
train,train\12_梅菜扣肉\12_000409.jpg,12
train,train\12_梅菜扣肉\12_000319.jpg,12
train,train\12_梅菜扣肉\12_000303.jpg,12
train,train\12_梅菜扣肉\12_000299.jpg,12
train,train\12_梅菜扣肉\12_000313.jpg,12
train,train\12_梅菜扣肉\12_000466.jpg,12
train,train\12_梅菜扣肉\12_000359.jpg,12
train,train\12_梅菜扣肉\12_000364.jpg,12
train,train\12_梅菜扣肉\12_000281.jpg,12
train,train\12_梅菜扣肉\12_000040.jpg,12
train,train\12_梅菜扣肉\12_000152.jpg,12
train,train\12_梅菜扣肉\12_000054.jpg,12
train,train\12_梅菜扣肉\12_000046.jpg,12
train,train\12_梅菜扣肉\12_000431.jpg,12
train,train\12_梅菜扣肉\12_000236.jpg,12
train,train\12_梅菜扣肉\12_000349.jpg,12
train,train\12_梅菜扣肉\12_000116.jpg,12
train,train\12_梅菜扣肉\12_000207.jpg,12
train,train\12_梅菜扣肉\12_000158.jpg,12
train,train\12_梅菜扣肉\12_000136.jpg,12
train,train\12_梅菜扣肉\12_000083.jpg,12
train,train\12_梅菜扣肉\12_000348.jpg,12
train,train\12_梅菜扣肉\12_000426.jpg,12
train,train\12_梅菜扣肉\12_000184.jpg,12
train,train\12_梅菜扣肉\12_000384.jpg,12
train,train\12_梅菜扣肉\12_000000.jpg,12
train,train\12_梅菜扣肉\12_000341.jpg,12
train,train\12_梅菜扣肉\12_000406.jpg,12
train,train\12_梅菜扣肉\12_000389.jpg,12
train,train\12_梅菜扣肉\12_000128.jpg,12
train,train\12_梅菜扣肉\12_000012.jpg,12
train,train\12_梅菜扣肉\12_000317.jpg,12
train,train\13_京酱肉丝\13_000060.jpg,13
train,train\13_京酱肉丝\13_000361.jpg,13
train,train\13_京酱肉丝\13_000915.jpg,13
train,train\13_京酱肉丝\13_000815.jpg,13
train,train\13_京酱肉丝\13_000631.jpg,13
train,train\13_京酱肉丝\13_000453.jpg,13
train,train\13_京酱肉丝\13_000056.jpg,13
train,train\13_京酱肉丝\13_000520.jpg,13
train,train\13_京酱肉丝\13_000436.jpg,13
train,train\13_京酱肉丝\13_000603.jpg,13
train,train\13_京酱肉丝\13_000242.jpg,13
train,train\13_京酱肉丝\13_000782.jpg,13
train,train\13_京酱肉丝\13_000292.jpg,13
train,train\13_京酱肉丝\13_000090.jpg,13
train,train\13_京酱肉丝\13_000595.jpg,13
train,train\13_京酱肉丝\13_000907.jpg,13
train,train\13_京酱肉丝\13_000557.jpg,13
train,train\13_京酱肉丝\13_000036.jpg,13
train,train\13_京酱肉丝\13_000458.jpg,13
train,train\13_京酱肉丝\13_000312.jpg,13
train,train\13_京酱肉丝\13_000035.jpg,13
train,train\13_京酱肉丝\13_000178.jpg,13
train,train\13_京酱肉丝\13_000030.jpg,13
train,train\13_京酱肉丝\13_000139.jpg,13
train,train\13_京酱肉丝\13_000079.jpg,13
train,train\13_京酱肉丝\13_000049.jpg,13
train,train\13_京酱肉丝\13_000572.jpg,13
train,train\13_京酱肉丝\13_000042.jpg,13
train,train\13_京酱肉丝\13_000009.jpg,13
train,train\13_京酱肉丝\13_000667.jpg,13
train,train\13_京酱肉丝\13_000693.jpg,13
train,train\13_京酱肉丝\13_000097.jpg,13
train,train\13_京酱肉丝\13_000521.jpg,13
train,train\13_京酱肉丝\13_000198.jpg,13
train,train\13_京酱肉丝\13_000376.jpg,13
train,train\13_京酱肉丝\13_000305.jpg,13
train,train\13_京酱肉丝\13_000130.jpg,13
train,train\13_京酱肉丝\13_000010.jpg,13
train,train\13_京酱肉丝\13_000203.jpg,13
train,train\13_京酱肉丝\13_000231.jpg,13
train,train\13_京酱肉丝\13_000495.jpg,13
train,train\13_京酱肉丝\13_000001.jpg,13
train,train\13_京酱肉丝\13_000009.jpg,13
train,train\13_京酱肉丝\13_000111.jpg,13
train,train\13_京酱肉丝\13_000486.jpg,13
train,train\13_京酱肉丝\13_000783.jpg,13
train,train\13_京酱肉丝\13_000200.jpg,13
train,train\13_京酱肉丝\13_000644.jpg,13
train,train\13_京酱肉丝\13_000897.jpg,13
train,train\13_京酱肉丝\13_000110.jpg,13
train,train\13_京酱肉丝\13_000276.jpg,13
train,train\13_京酱肉丝\13_000751.jpg,13
train,train\13_京酱肉丝\13_000047.jpg,13
train,train\13_京酱肉丝\13_000722.jpg,13
train,train\13_京酱肉丝\13_000503.jpg,13
train,train\13_京酱肉丝\13_000499.jpg,13
train,train\13_京酱肉丝\13_000278.jpg,13
train,train\13_京酱肉丝\13_000895.jpg,13
train,train\13_京酱肉丝\13_000532.jpg,13
train,train\13_京酱肉丝\13_000052.jpg,13
train,train\13_京酱肉丝\13_000053.jpg,13
train,train\13_京酱肉丝\13_000856.jpg,13
train,train\13_京酱肉丝\13_000126.jpg,13
train,train\13_京酱肉丝\13_000665.jpg,13
train,train\13_京酱肉丝\13_000549.jpg,13
train,train\13_京酱肉丝\13_000659.jpg,13
train,train\13_京酱肉丝\13_000451.jpg,13
train,train\13_京酱肉丝\13_000525.jpg,13
train,train\13_京酱肉丝\13_000540.jpg,13
train,train\13_京酱肉丝\13_000738.jpg,13
train,train\14_饺子\14_000002.jpg,14
train,train\14_饺子\14_000903.jpg,14
train,train\14_饺子\14_000063.jpg,14
train,train\14_饺子\14_000689.jpg,14
train,train\14_饺子\14_000588.jpg,14
train,train\14_饺子\14_000891.jpg,14
train,train\14_饺子\14_000418.jpg,14
train,train\14_饺子\14_000124.jpg,14
train,train\14_饺子\14_000443.jpg,14
train,train\14_饺子\14_000602.jpg,14
train,train\14_饺子\14_000428.jpg,14
train,train\14_饺子\14_000707.jpg,14
train,train\14_饺子\14_000166.jpg,14
train,train\14_饺子\14_000108.jpg,14
train,train\14_饺子\14_000629.jpg,14
train,train\14_饺子\14_000081.jpg,14
train,train\14_饺子\14_000584.jpg,14
train,train\14_饺子\14_000250.jpg,14
train,train\14_饺子\14_000402.jpg,14
train,train\14_饺子\14_000121.jpg,14
train,train\14_饺子\14_000474.jpg,14
train,train\14_饺子\14_000316.jpg,14
train,train\14_饺子\14_000328.jpg,14
train,train\14_饺子\14_000140.jpg,14
train,train\14_饺子\14_000057.jpg,14
train,train\14_饺子\14_000771.jpg,14
train,train\14_饺子\14_000008.jpg,14
train,train\14_饺子\14_000067.jpg,14
train,train\14_饺子\14_000154.jpg,14
train,train\14_饺子\14_000694.jpg,14
train,train\14_饺子\14_000793.jpg,14
train,train\14_饺子\14_000514.jpg,14
train,train\14_饺子\14_000719.jpg,14
train,train\14_饺子\14_000432.jpg,14
train,train\14_饺子\14_000791.jpg,14
train,train\14_饺子\14_000739.jpg,14
train,train\14_饺子\14_000852.jpg,14
train,train\14_饺子\14_000056.jpg,14
train,train\14_饺子\14_000090.jpg,14
train,train\14_饺子\14_000025.jpg,14
train,train\14_饺子\14_000223.jpg,14
train,train\14_饺子\14_000625.jpg,14
train,train\14_饺子\14_000902.jpg,14
train,train\14_饺子\14_000644.jpg,14
train,train\14_饺子\14_000525.jpg,14
train,train\14_饺子\14_000756.jpg,14
train,train\14_饺子\14_000419.jpg,14
train,train\14_饺子\14_000264.jpg,14
train,train\14_饺子\14_000702.jpg,14
train,train\14_饺子\14_000393.jpg,14
train,train\14_饺子\14_000117.jpg,14
train,train\14_饺子\14_000150.jpg,14
train,train\14_饺子\14_000020.jpg,14
train,train\14_饺子\14_000161.jpg,14
train,train\14_饺子\14_000200.jpg,14
train,train\14_饺子\14_000119.jpg,14
train,train\14_饺子\14_000755.jpg,14
train,train\14_饺子\14_000128.jpg,14
train,train\14_饺子\14_000592.jpg,14
train,train\14_饺子\14_000437.jpg,14
train,train\14_饺子\14_000398.jpg,14
train,train\14_饺子\14_000927.jpg,14
train,train\14_饺子\14_000217.jpg,14
train,train\14_饺子\14_000138.jpg,14
train,train\14_饺子\14_000905.jpg,14
train,train\14_饺子\14_000567.jpg,14
train,train\14_饺子\14_000833.jpg,14
train,train\14_饺子\14_000723.jpg,14
train,train\14_饺子\14_000024.jpg,14
train,train\14_饺子\14_000703.jpg,14
train,train\15_包子\15_000766.jpg,15
train,train\15_包子\15_000672.jpg,15
train,train\15_包子\15_000215.jpg,15
train,train\15_包子\15_000283.jpg,15
train,train\15_包子\15_000554.jpg,15
train,train\15_包子\15_000102.jpg,15
train,train\15_包子\15_000076.jpg,15
train,train\15_包子\15_000037.jpg,15
train,train\15_包子\15_000437.jpg,15
train,train\15_包子\15_000360.jpg,15
train,train\15_包子\15_000479.jpg,15
train,train\15_包子\15_000732.jpg,15
train,train\15_包子\15_000012.jpg,15
train,train\15_包子\15_000904.jpg,15
train,train\15_包子\15_000669.jpg,15
train,train\15_包子\15_000786.jpg,15
train,train\15_包子\15_000423.jpg,15
train,train\15_包子\15_000270.jpg,15
train,train\15_包子\15_000467.jpg,15
train,train\15_包子\15_000085.jpg,15
train,train\15_包子\15_000451.jpg,15
train,train\15_包子\15_000125.jpg,15
train,train\15_包子\15_000761.jpg,15
train,train\15_包子\15_000829.jpg,15
train,train\15_包子\15_000111.jpg,15
train,train\15_包子\15_000029.jpg,15
train,train\15_包子\15_000367.jpg,15
train,train\15_包子\15_000800.jpg,15
train,train\15_包子\15_000796.jpg,15
train,train\15_包子\15_000350.jpg,15
train,train\15_包子\15_000072.jpg,15
train,train\15_包子\15_000123.jpg,15
train,train\15_包子\15_000618.jpg,15
train,train\15_包子\15_000686.jpg,15
train,train\15_包子\15_000309.jpg,15
train,train\15_包子\15_000119.jpg,15
train,train\15_包子\15_000651.jpg,15
train,train\15_包子\15_000569.jpg,15
train,train\15_包子\15_000020.jpg,15
train,train\15_包子\15_000148.jpg,15
train,train\15_包子\15_000515.jpg,15
train,train\15_包子\15_000931.jpg,15
train,train\15_包子\15_000056.jpg,15
train,train\15_包子\15_000711.jpg,15
train,train\15_包子\15_000022.jpg,15
train,train\15_包子\15_000055.jpg,15
train,train\15_包子\15_000196.jpg,15
train,train\15_包子\15_000388.jpg,15
train,train\15_包子\15_000465.jpg,15
train,train\15_包子\15_000513.jpg,15
train,train\15_包子\15_000159.jpg,15
train,train\15_包子\15_000100.jpg,15
train,train\15_包子\15_000470.jpg,15
train,train\15_包子\15_000923.jpg,15
train,train\15_包子\15_000092.jpg,15
train,train\15_包子\15_000021.jpg,15
train,train\15_包子\15_000313.jpg,15
train,train\15_包子\15_000018.jpg,15
train,train\15_包子\15_000089.jpg,15
train,train\15_包子\15_000052.jpg,15
train,train\15_包子\15_000683.jpg,15
train,train\15_包子\15_000630.jpg,15
train,train\15_包子\15_000583.jpg,15
train,train\15_包子\15_000301.jpg,15
train,train\15_包子\15_000312.jpg,15
train,train\15_包子\15_000435.jpg,15
train,train\15_包子\15_000251.jpg,15
train,train\15_包子\15_000130.jpg,15
train,train\15_包子\15_000226.jpg,15
train,train\15_包子\15_000874.jpg,15
train,train\16_扬州炒饭\16_000893.jpg,16
train,train\16_扬州炒饭\16_000432.jpg,16
train,train\16_扬州炒饭\16_000088.jpg,16
train,train\16_扬州炒饭\16_000332.jpg,16
train,train\16_扬州炒饭\16_000601.jpg,16
train,train\16_扬州炒饭\16_000217.jpg,16
train,train\16_扬州炒饭\16_000674.jpg,16
train,train\16_扬州炒饭\16_000028.jpg,16
train,train\16_扬州炒饭\16_000304.jpg,16
train,train\16_扬州炒饭\16_000877.jpg,16
train,train\16_扬州炒饭\16_000359.jpg,16
train,train\16_扬州炒饭\16_000044.jpg,16
train,train\16_扬州炒饭\16_000072.jpg,16
train,train\16_扬州炒饭\16_000558.jpg,16
train,train\16_扬州炒饭\16_000876.jpg,16
train,train\16_扬州炒饭\16_000277.jpg,16
train,train\16_扬州炒饭\16_000065.jpg,16
train,train\16_扬州炒饭\16_000057.jpg,16
train,train\16_扬州炒饭\16_000013.jpg,16
train,train\16_扬州炒饭\16_000188.jpg,16
train,train\16_扬州炒饭\16_000634.jpg,16
train,train\16_扬州炒饭\16_000206.jpg,16
train,train\16_扬州炒饭\16_000527.jpg,16
train,train\16_扬州炒饭\16_000318.jpg,16
train,train\16_扬州炒饭\16_000051.jpg,16
train,train\16_扬州炒饭\16_000101.jpg,16
train,train\16_扬州炒饭\16_000748.jpg,16
train,train\16_扬州炒饭\16_000815.jpg,16
train,train\16_扬州炒饭\16_000640.jpg,16
train,train\16_扬州炒饭\16_000633.jpg,16
train,train\16_扬州炒饭\16_000141.jpg,16
train,train\16_扬州炒饭\16_000402.jpg,16
train,train\16_扬州炒饭\16_000097.jpg,16
train,train\16_扬州炒饭\16_000105.jpg,16
train,train\16_扬州炒饭\16_000137.jpg,16
train,train\16_扬州炒饭\16_000534.jpg,16
train,train\16_扬州炒饭\16_000284.jpg,16
train,train\16_扬州炒饭\16_000462.jpg,16
train,train\16_扬州炒饭\16_000331.jpg,16
train,train\16_扬州炒饭\16_000013.jpg,16
train,train\16_扬州炒饭\16_000189.jpg,16
train,train\16_扬州炒饭\16_000562.jpg,16
train,train\16_扬州炒饭\16_000677.jpg,16
train,train\16_扬州炒饭\16_000113.jpg,16
train,train\16_扬州炒饭\16_000531.jpg,16
train,train\16_扬州炒饭\16_000268.jpg,16
train,train\16_扬州炒饭\16_000164.jpg,16
train,train\16_扬州炒饭\16_000014.jpg,16
train,train\16_扬州炒饭\16_000864.jpg,16
train,train\16_扬州炒饭\16_000005.jpg,16
train,train\16_扬州炒饭\16_000905.jpg,16
train,train\16_扬州炒饭\16_000346.jpg,16
train,train\16_扬州炒饭\16_000598.jpg,16
train,train\16_扬州炒饭\16_000412.jpg,16
train,train\16_扬州炒饭\16_000899.jpg,16
train,train\16_扬州炒饭\16_000420.jpg,16
train,train\16_扬州炒饭\16_000096.jpg,16
train,train\16_扬州炒饭\16_000818.jpg,16
train,train\16_扬州炒饭\16_000467.jpg,16
train,train\16_扬州炒饭\16_000493.jpg,16
train,train\16_扬州炒饭\16_000288.jpg,16
train,train\16_扬州炒饭\16_000099.jpg,16
train,train\16_扬州炒饭\16_000923.jpg,16
train,train\16_扬州炒饭\16_000160.jpg,16
train,train\16_扬州炒饭\16_000074.jpg,16
train,train\16_扬州炒饭\16_000400.jpg,16
train,train\16_扬州炒饭\16_000744.jpg,16
train,train\16_扬州炒饭\16_000101.jpg,16
train,train\16_扬州炒饭\16_000015.jpg,16
train,train\16_扬州炒饭\16_000058.jpg,16
train,train\17_炸酱面\17_000250.jpg,17
train,train\17_炸酱面\17_000032.jpg,17
train,train\17_炸酱面\17_000922.jpg,17
train,train\17_炸酱面\17_000581.jpg,17
train,train\17_炸酱面\17_000367.jpg,17
train,train\17_炸酱面\17_000070.jpg,17
train,train\17_炸酱面\17_000069.jpg,17
train,train\17_炸酱面\17_000342.jpg,17
train,train\17_炸酱面\17_000603.jpg,17
train,train\17_炸酱面\17_000600.jpg,17
train,train\17_炸酱面\17_000434.jpg,17
train,train\17_炸酱面\17_000913.jpg,17
train,train\17_炸酱面\17_000757.jpg,17
train,train\17_炸酱面\17_000921.jpg,17
train,train\17_炸酱面\17_000364.jpg,17
train,train\17_炸酱面\17_000366.jpg,17
train,train\17_炸酱面\17_000795.jpg,17
train,train\17_炸酱面\17_000061.jpg,17
train,train\17_炸酱面\17_000727.jpg,17
train,train\17_炸酱面\17_000427.jpg,17
train,train\17_炸酱面\17_000709.jpg,17
train,train\17_炸酱面\17_000124.jpg,17
train,train\17_炸酱面\17_000341.jpg,17
train,train\17_炸酱面\17_000798.jpg,17
train,train\17_炸酱面\17_000354.jpg,17
train,train\17_炸酱面\17_000165.jpg,17
train,train\17_炸酱面\17_000002.jpg,17
train,train\17_炸酱面\17_000086.jpg,17
train,train\17_炸酱面\17_000758.jpg,17
train,train\17_炸酱面\17_000112.jpg,17
train,train\17_炸酱面\17_000495.jpg,17
train,train\17_炸酱面\17_000053.jpg,17
train,train\17_炸酱面\17_000331.jpg,17
train,train\17_炸酱面\17_000243.jpg,17
train,train\17_炸酱面\17_000093.jpg,17
train,train\17_炸酱面\17_000116.jpg,17
train,train\17_炸酱面\17_000607.jpg,17
train,train\17_炸酱面\17_000692.jpg,17
train,train\17_炸酱面\17_000190.jpg,17
train,train\17_炸酱面\17_000629.jpg,17
train,train\17_炸酱面\17_000105.jpg,17
train,train\17_炸酱面\17_000358.jpg,17
train,train\17_炸酱面\17_000812.jpg,17
train,train\17_炸酱面\17_000597.jpg,17
train,train\17_炸酱面\17_000325.jpg,17
train,train\17_炸酱面\17_000278.jpg,17
train,train\17_炸酱面\17_000307.jpg,17
train,train\17_炸酱面\17_000290.jpg,17
train,train\17_炸酱面\17_000662.jpg,17
train,train\17_炸酱面\17_000443.jpg,17
train,train\17_炸酱面\17_000407.jpg,17
train,train\17_炸酱面\17_000132.jpg,17
train,train\17_炸酱面\17_000060.jpg,17
train,train\17_炸酱面\17_000440.jpg,17
train,train\17_炸酱面\17_000763.jpg,17
train,train\17_炸酱面\17_000875.jpg,17
train,train\17_炸酱面\17_000671.jpg,17
train,train\17_炸酱面\17_000905.jpg,17
train,train\17_炸酱面\17_000788.jpg,17
train,train\17_炸酱面\17_000136.jpg,17
train,train\17_炸酱面\17_000575.jpg,17
train,train\17_炸酱面\17_000498.jpg,17
train,train\17_炸酱面\17_000647.jpg,17
train,train\17_炸酱面\17_000868.jpg,17
train,train\17_炸酱面\17_000669.jpg,17
train,train\17_炸酱面\17_000917.jpg,17
train,train\17_炸酱面\17_000076.jpg,17
train,train\17_炸酱面\17_000687.jpg,17
train,train\17_炸酱面\17_000178.jpg,17
train,train\17_炸酱面\17_000526.jpg,17
train,train\18_葱爆羊肉\18_000334.jpg,18
train,train\18_葱爆羊肉\18_000516.jpg,18
train,train\18_葱爆羊肉\18_000190.jpg,18
train,train\18_葱爆羊肉\18_000227.jpg,18
train,train\18_葱爆羊肉\18_000498.jpg,18
train,train\18_葱爆羊肉\18_000047.jpg,18
train,train\18_葱爆羊肉\18_000028.jpg,18
train,train\18_葱爆羊肉\18_000043.jpg,18
train,train\18_葱爆羊肉\18_000064.jpg,18
train,train\18_葱爆羊肉\18_000005.jpg,18
train,train\18_葱爆羊肉\18_000041.jpg,18
train,train\18_葱爆羊肉\18_000075.jpg,18
train,train\18_葱爆羊肉\18_000151.jpg,18
train,train\18_葱爆羊肉\18_000323.jpg,18
train,train\18_葱爆羊肉\18_000353.jpg,18
train,train\18_葱爆羊肉\18_000161.jpg,18
train,train\18_葱爆羊肉\18_000361.jpg,18
train,train\18_葱爆羊肉\18_000070.jpg,18
train,train\18_葱爆羊肉\18_000381.jpg,18
train,train\18_葱爆羊肉\18_000510.jpg,18
train,train\18_葱爆羊肉\18_000069.jpg,18
train,train\18_葱爆羊肉\18_000478.jpg,18
train,train\18_葱爆羊肉\18_000035.jpg,18
train,train\18_葱爆羊肉\18_000185.jpg,18
train,train\18_葱爆羊肉\18_000102.jpg,18
train,train\18_葱爆羊肉\18_000015.jpg,18
train,train\18_葱爆羊肉\18_000014.jpg,18
train,train\18_葱爆羊肉\18_000228.jpg,18
train,train\18_葱爆羊肉\18_000031.jpg,18
train,train\18_葱爆羊肉\18_000007.jpg,18
train,train\18_葱爆羊肉\18_000000.jpg,18
train,train\18_葱爆羊肉\18_000119.jpg,18
train,train\18_葱爆羊肉\18_000130.jpg,18
train,train\18_葱爆羊肉\18_000138.jpg,18
train,train\18_葱爆羊肉\18_000278.jpg,18
train,train\18_葱爆羊肉\18_000379.jpg,18
train,train\18_葱爆羊肉\18_000322.jpg,18
train,train\18_葱爆羊肉\18_000159.jpg,18
train,train\18_葱爆羊肉\18_000097.jpg,18
train,train\18_葱爆羊肉\18_000486.jpg,18
train,train\18_葱爆羊肉\18_000168.jpg,18
train,train\18_葱爆羊肉\18_000315.jpg,18
train,train\18_葱爆羊肉\18_000483.jpg,18
train,train\18_葱爆羊肉\18_000020.jpg,18
train,train\18_葱爆羊肉\18_000245.jpg,18
train,train\18_葱爆羊肉\18_000358.jpg,18
train,train\18_葱爆羊肉\18_000054.jpg,18
train,train\18_葱爆羊肉\18_000307.jpg,18
train,train\18_葱爆羊肉\18_000035.jpg,18
train,train\18_葱爆羊肉\18_000449.jpg,18
train,train\18_葱爆羊肉\18_000447.jpg,18
train,train\18_葱爆羊肉\18_000009.jpg,18
train,train\18_葱爆羊肉\18_000203.jpg,18
train,train\18_葱爆羊肉\18_000332.jpg,18
train,train\18_葱爆羊肉\18_000012.jpg,18
train,train\18_葱爆羊肉\18_000021.jpg,18
train,train\18_葱爆羊肉\18_000482.jpg,18
train,train\18_葱爆羊肉\18_000309.jpg,18
train,train\18_葱爆羊肉\18_000223.jpg,18
train,train\18_葱爆羊肉\18_000115.jpg,18
train,train\18_葱爆羊肉\18_000111.jpg,18
train,train\18_葱爆羊肉\18_000437.jpg,18
train,train\18_葱爆羊肉\18_000310.jpg,18
train,train\18_葱爆羊肉\18_000194.jpg,18
train,train\18_葱爆羊肉\18_000202.jpg,18
train,train\18_葱爆羊肉\18_000149.jpg,18
train,train\18_葱爆羊肉\18_000092.jpg,18
train,train\18_葱爆羊肉\18_000325.jpg,18
train,train\18_葱爆羊肉\18_000017.jpg,18
train,train\18_葱爆羊肉\18_000208.jpg,18
train,train\19_香辣小龙虾\19_000072.jpg,19
train,train\19_香辣小龙虾\19_000343.jpg,19
train,train\19_香辣小龙虾\19_000933.jpg,19
train,train\19_香辣小龙虾\19_000575.jpg,19
train,train\19_香辣小龙虾\19_000734.jpg,19
train,train\19_香辣小龙虾\19_000348.jpg,19
train,train\19_香辣小龙虾\19_000251.jpg,19
train,train\19_香辣小龙虾\19_000329.jpg,19
train,train\19_香辣小龙虾\19_000429.jpg,19
train,train\19_香辣小龙虾\19_000030.jpg,19
train,train\19_香辣小龙虾\19_000626.jpg,19
train,train\19_香辣小龙虾\19_000100.jpg,19
train,train\19_香辣小龙虾\19_000107.jpg,19
train,train\19_香辣小龙虾\19_000901.jpg,19
train,train\19_香辣小龙虾\19_000600.jpg,19
train,train\19_香辣小龙虾\19_000698.jpg,19
train,train\19_香辣小龙虾\19_000197.jpg,19
train,train\19_香辣小龙虾\19_000477.jpg,19
train,train\19_香辣小龙虾\19_000006.jpg,19
train,train\19_香辣小龙虾\19_000879.jpg,19
train,train\19_香辣小龙虾\19_000158.jpg,19
train,train\19_香辣小龙虾\19_000465.jpg,19
train,train\19_香辣小龙虾\19_000054.jpg,19
train,train\19_香辣小龙虾\19_000105.jpg,19
train,train\19_香辣小龙虾\19_000538.jpg,19
train,train\19_香辣小龙虾\19_000298.jpg,19
train,train\19_香辣小龙虾\19_000923.jpg,19
train,train\19_香辣小龙虾\19_000103.jpg,19
train,train\19_香辣小龙虾\19_000719.jpg,19
train,train\19_香辣小龙虾\19_000581.jpg,19
train,train\19_香辣小龙虾\19_000876.jpg,19
train,train\19_香辣小龙虾\19_000524.jpg,19
train,train\19_香辣小龙虾\19_000810.jpg,19
train,train\19_香辣小龙虾\19_000643.jpg,19
train,train\19_香辣小龙虾\19_000522.jpg,19
train,train\19_香辣小龙虾\19_000461.jpg,19
train,train\19_香辣小龙虾\19_000302.jpg,19
train,train\19_香辣小龙虾\19_000755.jpg,19
train,train\19_香辣小龙虾\19_000440.jpg,19
train,train\19_香辣小龙虾\19_000335.jpg,19
train,train\19_香辣小龙虾\19_000638.jpg,19
train,train\19_香辣小龙虾\19_000038.jpg,19
train,train\19_香辣小龙虾\19_000853.jpg,19
train,train\19_香辣小龙虾\19_000328.jpg,19
train,train\19_香辣小龙虾\19_000355.jpg,19
train,train\19_香辣小龙虾\19_000770.jpg,19
train,train\19_香辣小龙虾\19_000359.jpg,19
train,train\19_香辣小龙虾\19_000286.jpg,19
train,train\19_香辣小龙虾\19_000411.jpg,19
train,train\19_香辣小龙虾\19_000560.jpg,19
train,train\19_香辣小龙虾\19_000070.jpg,19
train,train\19_香辣小龙虾\19_000869.jpg,19
train,train\19_香辣小龙虾\19_000076.jpg,19
train,train\19_香辣小龙虾\19_000188.jpg,19
train,train\19_香辣小龙虾\19_000018.jpg,19
train,train\19_香辣小龙虾\19_000635.jpg,19
train,train\19_香辣小龙虾\19_000041.jpg,19
train,train\19_香辣小龙虾\19_000489.jpg,19
train,train\19_香辣小龙虾\19_000166.jpg,19
train,train\19_香辣小龙虾\19_000725.jpg,19
train,train\19_香辣小龙虾\19_000688.jpg,19
train,train\19_香辣小龙虾\19_000857.jpg,19
train,train\19_香辣小龙虾\19_000723.jpg,19
train,train\19_香辣小龙虾\19_000381.jpg,19
train,train\19_香辣小龙虾\19_000040.jpg,19
train,train\19_香辣小龙虾\19_000325.jpg,19
train,train\19_香辣小龙虾\19_000144.jpg,19
train,train\19_香辣小龙虾\19_000231.jpg,19
train,train\19_香辣小龙虾\19_000326.jpg,19
train,train\19_香辣小龙虾\19_000149.jpg,19
